USE Last_library_database;

DECLARE @id uniqueidentifier
SET @id = NEWID()

INSERT INTO Zip VALUES ( '2450', 'Copenhagen SV', 'Denmark');
INSERT INTO Zip VALUES ( '2500', 'Valby', 'Denmark');
INSERT INTO Zip VALUES ( '2600', 'Glostrup', 'Denmark');
INSERT INTO Zip VALUES ( '2700', 'Brønshøj', 'Denmark');


INSERT INTO Addresses (AddressID, Address, ZipCode) VALUES ('B93FA8D3-81E4-4D22-B5D8-6C6B46F7AF01','Ruten 1, st th', '2700');
INSERT INTO Addresses VALUES ('B93FA8D3-81E4-4D22-B5D8-6C6B46F7AF02','Ruten 2, st tv', '2700');
INSERT INTO Addresses VALUES ('B93FA8D3-81E4-4D22-B5D8-6C6B46F7AF03','Ruten 1, 1 th', '2700');
INSERT INTO Addresses VALUES ('B93FA8D3-81E4-4D22-B5D8-6C6B46F7AF04','Ruten 1, 1 tv', '2700');


INSERT INTO Branch VALUES ('B93FA8D3-81E4-4D22-B5D8-6C6B46F7AF05', 'Husum Bibliotek', 'B93FA8D3-81E4-4D22-B5D8-6C6B46F7AF01', 110000);
INSERT INTO Branch VALUES ('B93FA8D3-81E4-4D22-B5D8-6C6B46F7AF06', 'Brønshøj Bibliotek', 'B93FA8D3-81E4-4D22-B5D8-6C6B46F7AF02', 250000);

INSERT INTO EmployeeInfo VALUES ('B93FA8D3-81E4-4D22-B5D8-6C6B46F7AF07', 'Hossain',' Ali', 32005.89, 'hossainali@gmail.com', '42210657','B93FA8D3-81E4-4D22-B5D8-6C6B46F7AF01', '123456','B93FA8D3-81E4-4D22-B5D8-6C6B46F7AF05');
INSERT INTO EmployeeInfo VALUES ('B93FA8D3-81E4-4D22-B5D8-6C6B46F7AF08', 'Saiful ','Bhuiyan', 40005, 'saiful@gmail.com', '42210688', 'B93FA8D3-81E4-4D22-B5D8-6C6B46F7AF02', '123456','B93FA8D3-81E4-4D22-B5D8-6C6B46F7AF05');
INSERT INTO EmployeeInfo VALUES ('B93FA8D3-81E4-4D22-B5D8-6C6B46F7AF09', 'Noman',' Khan', 32005.89, 'nomankhan@gmail.com', '42210677','B93FA8D3-81E4-4D22-B5D8-6C6B46F7AF03', '123456','B93FA8D3-81E4-4D22-B5D8-6C6B46F7AF06');

INSERT INTO UserStatus VALUES (1, 'Active');
INSERT INTO UserStatus VALUES (2, 'Block');

INSERT INTO UserInfo VALUES ('B93FA8D3-81E4-4D22-B5D8-6C6B46F7AF12','password', 'Abdul',' Hamid', 'abdulhamid@gamail.com', '42210058', 'B93FA8D3-81E4-4D22-B5D8-6C6B46F7AF01', 'B93FA8D3-81E4-4D22-B5D8-6C6B46F7AF05',1);
INSERT INTO UserInfo VALUES ('B93FA8D3-81E4-4D22-B5D8-6C6B46F7AF13','password', 'Sabrina',' Tania', 'sabrinatania@gamail.com', '42210078','B93FA8D3-81E4-4D22-B5D8-6C6B46F7AF02','B93FA8D3-81E4-4D22-B5D8-6C6B46F7AF06',1);
INSERT INTO UserInfo VALUES ('B93FA8D3-81E4-4D22-B5D8-6C6B46F7AF14','password', 'Tanim ','Hossain', 'tanimhossain@gamail.com', '42215558', 'B93FA8D3-81E4-4D22-B5D8-6C6B46F7AF03', 'B93FA8D3-81E4-4D22-B5D8-6C6B46F7AF05',2);
INSERT INTO UserInfo VALUES ('B93FA8D3-81E4-4D22-B5D8-6C6B46F7AF15','password', 'Tofazzal',' Khan', 'tofazzalkhan@gamail.com', '42216658', 'B93FA8D3-81E4-4D22-B5D8-6C6B46F7AF04', 'B93FA8D3-81E4-4D22-B5D8-6C6B46F7AF06',1);

INSERT INTO dbo.BookType(BookTypeID,TypeName)VALUES('B93FA8D3-81E4-4D22-B5D8-6C6B46F7AF13','Science Fiction');
INSERT INTO dbo.BookType(BookTypeID,TypeName)VALUES('B93FA8D3-81E4-4D22-B5D8-6C6B46F7AF14','Action and Adventure');
INSERT INTO dbo.BookType(BookTypeID,TypeName)VALUES('B93FA8D3-81E4-4D22-B5D8-6C6B46F7AF15','Romance');
INSERT INTO dbo.BookType(BookTypeID,TypeName)VALUES('B93FA8D3-81E4-4D22-B5D8-6C6B46F7AF16','Drama');
INSERT INTO dbo.BookType(BookTypeID,TypeName)VALUES('B93FA8D3-81E4-4D22-B5D8-6C6B46F7AF17','Health');
INSERT INTO dbo.BookType(BookTypeID,TypeName)VALUES('B93FA8D3-81E4-4D22-B5D8-6C6B46F7AF18','Guide');


INSERT INTO dbo.Author VALUES('B93FA8D3-81E4-4D22-B5D8-6C6B46F7AF19','Paula',' Hawkins');
INSERT INTO dbo.Author VALUES('B93FA8D3-81E4-4D22-B5D8-6C6B46F7AF20','Angie',' Thomas');
INSERT INTO dbo.Author VALUES('B93FA8D3-81E4-4D22-B5D8-6C6B46F7AF21','Sarah',' J. Maas ');
INSERT INTO dbo.Author VALUES('B93FA8D3-81E4-4D22-B5D8-6C6B46F7AF22','Neil','Gaiman');
INSERT INTO dbo.Author VALUES('B93FA8D3-81E4-4D22-B5D8-6C6B46F7AF23','Stephanie',' Garber');


INSERT INTO Book VALUES ('B93FA8D3-81E4-4D22-B5D8-6C6B46F7AF24', 'Database Systems', 2015, 111,'English', 'B93FA8D3-81E4-4D22-B5D8-6C6B46F7AF13');
INSERT INTO Book VALUES ('B93FA8D3-81E4-4D22-B5D8-6C6B46F7AF25', 'Database System Management', 2014, 112, 'English', 'B93FA8D3-81E4-4D22-B5D8-6C6B46F7AF13');
INSERT INTO Book VALUES ('B93FA8D3-81E4-4D22-B5D8-6C6B46F7AF26', 'Database Management', 2016, 113, 'English', 'B93FA8D3-81E4-4D22-B5D8-6C6B46F7AF14');
INSERT INTO Book VALUES ('B93FA8D3-81E4-4D22-B5D8-6C6B46F7AF27', 'Basic Database system', 2014, 114,'English', 'B93FA8D3-81E4-4D22-B5D8-6C6B46F7AF15');
INSERT INTO Book VALUES ('B93FA8D3-81E4-4D22-B5D8-6C6B46F7AF28', 'Introduction to database Management', 2012,115, 'English', 'B93FA8D3-81E4-4D22-B5D8-6C6B46F7AF16');
INSERT INTO Book VALUES ('B93FA8D3-81E4-4D22-B5D8-6C6B46F7AF29', 'Europe taveling', 2015,116, 'English', 'B93FA8D3-81E4-4D22-B5D8-6C6B46F7AF17');


INSERT INTO BookAuthor VALUES('B93FA8D3-81E4-4D22-B5D8-6C6B46F7AF19','B93FA8D3-81E4-4D22-B5D8-6C6B46F7AF24');
INSERT INTO BookAuthor VALUES('B93FA8D3-81E4-4D22-B5D8-6C6B46F7AF20','B93FA8D3-81E4-4D22-B5D8-6C6B46F7AF25');
INSERT INTO BookAuthor VALUES('B93FA8D3-81E4-4D22-B5D8-6C6B46F7AF22', 'B93FA8D3-81E4-4D22-B5D8-6C6B46F7AF26');
INSERT INTO BookAuthor VALUES('B93FA8D3-81E4-4D22-B5D8-6C6B46F7AF21', 'B93FA8D3-81E4-4D22-B5D8-6C6B46F7AF27');
INSERT INTO BookAuthor VALUES('B93FA8D3-81E4-4D22-B5D8-6C6B46F7AF23', 'B93FA8D3-81E4-4D22-B5D8-6C6B46F7AF28');
INSERT INTO BookAuthor VALUES('B93FA8D3-81E4-4D22-B5D8-6C6B46F7AF23', 'B93FA8D3-81E4-4D22-B5D8-6C6B46F7AF29');

INSERT INTO dbo.BookItem VALUES('B93FA8D3-81E4-4D22-B5D8-6C6B46F7AF30','B93FA8D3-81E4-4D22-B5D8-6C6B46F7AF05','B93FA8D3-81E4-4D22-B5D8-6C6B46F7AF24',1, 'B93FA8D3-81E4-4D22-B5D8-6C6B46F7AF05', 120);
INSERT INTO dbo.BookItem VALUES('B93FA8D3-81E4-4D22-B5D8-6C6B46F7AF31','B93FA8D3-81E4-4D22-B5D8-6C6B46F7AF06','B93FA8D3-81E4-4D22-B5D8-6C6B46F7AF25', 1,'B93FA8D3-81E4-4D22-B5D8-6C6B46F7AF05', 125);
INSERT INTO dbo.BookItem VALUES('B93FA8D3-81E4-4D22-B5D8-6C6B46F7AF32','B93FA8D3-81E4-4D22-B5D8-6C6B46F7AF05','B93FA8D3-81E4-4D22-B5D8-6C6B46F7AF26', 1,'B93FA8D3-81E4-4D22-B5D8-6C6B46F7AF05', 120);
INSERT INTO dbo.BookItem VALUES('B93FA8D3-81E4-4D22-B5D8-6C6B46F7AF33','B93FA8D3-81E4-4D22-B5D8-6C6B46F7AF06','B93FA8D3-81E4-4D22-B5D8-6C6B46F7AF27',1,'B93FA8D3-81E4-4D22-B5D8-6C6B46F7AF06', 125);
INSERT INTO dbo.BookItem VALUES('B93FA8D3-81E4-4D22-B5D8-6C6B46F7AF34','B93FA8D3-81E4-4D22-B5D8-6C6B46F7AF06','B93FA8D3-81E4-4D22-B5D8-6C6B46F7AF28', 1,'B93FA8D3-81E4-4D22-B5D8-6C6B46F7AF06', 150);
INSERT INTO dbo.BookItem VALUES('B93FA8D3-81E4-4D22-B5D8-6C6B46F7AF35','B93FA8D3-81E4-4D22-B5D8-6C6B46F7AF05','B93FA8D3-81E4-4D22-B5D8-6C6B46F7AF29', 1,'B93FA8D3-81E4-4D22-B5D8-6C6B46F7AF06',170);
INSERT INTO dbo.BookItem VALUES('B93FA8D3-81E4-4D22-B5D8-6C6B46F7AF36','B93FA8D3-81E4-4D22-B5D8-6C6B46F7AF06','B93FA8D3-81E4-4D22-B5D8-6C6B46F7AF29', 1,'B93FA8D3-81E4-4D22-B5D8-6C6B46F7AF05', 180);
INSERT INTO dbo.BookItem VALUES('B93FA8D3-81E4-4D22-B5D8-6C6B46F7AF37','B93FA8D3-81E4-4D22-B5D8-6C6B46F7AF05','B93FA8D3-81E4-4D22-B5D8-6C6B46F7AF28', 1,'B93FA8D3-81E4-4D22-B5D8-6C6B46F7AF05', 180);


INSERT INTO dbo.Comments(CommentsID,Comments,BookID,UserID,Score)VALUES('B93FA8D3-81E4-4D22-B5D8-6C6B46F7AF38','Very Good','B93FA8D3-81E4-4D22-B5D8-6C6B46F7AF24','B93FA8D3-81E4-4D22-B5D8-6C6B46F7AF12',5);
INSERT INTO dbo.Comments(CommentsID,Comments,BookID,UserID,Score)VALUES('B93FA8D3-81E4-4D22-B5D8-6C6B46F7AF39','I like it','B93FA8D3-81E4-4D22-B5D8-6C6B46F7AF29','B93FA8D3-81E4-4D22-B5D8-6C6B46F7AF12',4);
INSERT INTO dbo.Comments(CommentsID,Comments,BookID,UserID,Score)VALUES('B93FA8D3-81E4-4D22-B5D8-6C6B46F7AF40','One of the best book','B93FA8D3-81E4-4D22-B5D8-6C6B46F7AF25','B93FA8D3-81E4-4D22-B5D8-6C6B46F7AF13',5);
INSERT INTO dbo.Comments(CommentsID,Comments,BookID,UserID,Score)VALUES('B93FA8D3-81E4-4D22-B5D8-6C6B46F7AF41','It is a excellent one','B93FA8D3-81E4-4D22-B5D8-6C6B46F7AF26','B93FA8D3-81E4-4D22-B5D8-6C6B46F7AF13',4);




INSERT INTO dbo.Loan(LoanID,BookItemID,UserID,BranchID,LoanTime,LoanPickUpDate, LoanReturnTime,LoanActualReturnTime)
VALUES('B93FA8D3-81E4-4D22-B5D8-6C6B46F7AF38','B93FA8D3-81E4-4D22-B5D8-6C6B46F7AF36','B93FA8D3-81E4-4D22-B5D8-6C6B46F7AF12','B93FA8D3-81E4-4D22-B5D8-6C6B46F7AF06','2017-05-08 12:35:29.123',NULL,'2017-06-07 12:35:29.123','2017-06-07 09:35:29.123');
INSERT INTO dbo.Loan(LoanID,BookItemID,UserID,BranchID,LoanTime,LoanPickUpDate,LoanReturnTime,LoanActualReturnTime)
VALUES('B93FA8D3-81E4-4D22-B5D8-6C6B46F7AF39','B93FA8D3-81E4-4D22-B5D8-6C6B46F7AF35','B93FA8D3-81E4-4D22-B5D8-6C6B46F7AF13','B93FA8D3-81E4-4D22-B5D8-6C6B46F7AF06','2017-06-08 12:35:29.123','2017-05-08 12:35:29.123','2017-07-07 12:35:29.123','2017-07-07 10:35:29.123');
INSERT INTO dbo.Loan(LoanID,BookItemID,UserID,BranchID,LoanTime,LoanPickUpDate,LoanReturnTime,LoanActualReturnTime)
VALUES('B93FA8D3-81E4-4D22-B5D8-6C6B46F7AF40','B93FA8D3-81E4-4D22-B5D8-6C6B46F7AF34','B93FA8D3-81E4-4D22-B5D8-6C6B46F7AF14','B93FA8D3-81E4-4D22-B5D8-6C6B46F7AF05','2017-07-08 12:35:29.123','2017-05-08 12:35:29.123','2017-08-07 12:35:29.123','2017-08-07 11:35:29.123');
INSERT INTO dbo.Loan(LoanID,BookItemID,UserID,BranchID,LoanTime,LoanPickUpDate,LoanReturnTime,LoanActualReturnTime)
VALUES('B93FA8D3-81E4-4D22-B5D8-6C6B46F7AF41','B93FA8D3-81E4-4D22-B5D8-6C6B46F7AF32','B93FA8D3-81E4-4D22-B5D8-6C6B46F7AF15','B93FA8D3-81E4-4D22-B5D8-6C6B46F7AF05','2017-09-08 12:35:29.123','2017-05-08 12:35:29.123','2017-10-07 12:35:29.123','2017-10-07 12:35:29.123');


INSERT INTO dbo.ReservationQueue(BookReservationID,BookID,ReservationDate,UserID,EmailSendDate,BranchToReservedID)VALUES('B93FA8D3-81E4-4D22-B5D8-6C6B46F7AF50', 'B93FA8D3-81E4-4D22-B5D8-6C6B46F7AF24','2017-05-15 12:35:29.123','B93FA8D3-81E4-4D22-B5D8-6C6B46F7AF12','2017-03-08 12:35:29.123','B93FA8D3-81E4-4D22-B5D8-6C6B46F7AF05');